compile	-	6	-V=full
asm	-	6	-V=full
compile	internal/unsafeheader	14	files=1
compile	internal/msan	12	files=2
compile	internal/runtime/pprof/label	14	files=1
compile	internal/byteorder	19	files=1
compile	internal/goarch	16	files=3
compile	cmp	17	files=1
compile	internal/coverage/rtcov	20	files=1
compile	internal/godebugs	21	files=1
compile	internal/trace/tracev2	19	files=3
asm	internal/cpu	10	files=2
asm	sync/atomic	14	files=1
compile	internal/goexperiment	17	files=21
compile	internal/goos	24	files=3
compile	math/bits	20	files=3
compile	internal/asan	23	files=2
compile	internal/profilerecord	27	files=1
compile	internal/runtime/gc	18	files=3
asm	internal/abi	11	files=2
compile	internal/runtime/math	15	files=1
compile	log/internal	18	files=1
compile	crypto/internal/fips140/alias	21	files=1
compile	internal/cpu	22	files=6
compile	unicode/utf8	39	files=1
compile	container/list	28	files=1
compile	crypto/internal/fips140deps/time	17	files=1
asm	crypto/internal/boring/sig	13	files=1
compile	crypto/internal/constanttime	19	files=1
compile	crypto/internal/fips140deps/byteorder	22	files=1
asm	math	12	files=3
compile	sync/atomic	27	files=4
compile	vendor/golang.org/x/crypto/cryptobyte/asn1	16	files=1
compile	vendor/golang.org/x/crypto/internal/alias	19	files=1
asm	internal/cpu	8	files=1
compile	unicode/utf16	25	files=1
compile	internal/nettrace	14	files=1
compile	crypto/internal/boring/sig	14	files=1
asm	sync/atomic	9	files=1
asm	crypto/internal/fips140/subtle	9	files=1
asm	internal/cpu	10	files=1
asm	crypto/internal/boring/sig	13	files=1
compile	internal/strconv	56	files=11
compile	crypto/internal/fips140/subtle	19	files=3
compile	internal/abi	64	files=14
compile	unicode	91	files=5
asm	internal/chacha8rand	10	files=1
asm	internal/runtime/sys	9	files=2
compile	crypto/internal/fips140deps/cpu	13	files=1
asm	internal/runtime/atomic	10	files=1
asm	internal/bytealg	13	files=5
compile	math	60	files=52
asm	internal/abi	9	files=1
asm	crypto/internal/fips140/subtle	10	files=1
asm	math	6	files=1
asm	internal/abi	6	files=1
compile	internal/runtime/sys	17	files=7
compile	internal/bytealg	16	files=9
compile	internal/chacha8rand	20	files=2
compile	internal/runtime/atomic	22	files=8
asm	math	8	files=1
asm	internal/bytealg	6	files=1
asm	internal/runtime/sys	7	files=1
compile	internal/synctest	12	files=1
asm	internal/chacha8rand	7	files=1
asm	math	6	files=1
asm	internal/runtime/atomic	9	files=1
compile	internal/race	13	files=2
asm	internal/bytealg	8	files=1
asm	internal/runtime/sys	6	files=1
asm	internal/bytealg	8	files=1
compile	internal/runtime/exithook	15	files=1
compile	internal/sync	19	files=3
asm	internal/runtime/maps	7	files=1
compile	internal/runtime/gc/scan	18	files=5
compile	crypto/subtle	16	files=3
asm	internal/bytealg	7	files=1
asm	internal/bytealg	7	files=1
compile	internal/stringslite	14	files=1
compile	internal/runtime/maps	58	files=13
asm	internal/runtime/maps	6	files=1
asm	runtime	10	files=11
compile	runtime	754	files=182
asm	runtime	5	files=1
asm	runtime	9	files=1
asm	runtime	5	files=1
asm	runtime	5	files=1
asm	runtime	5	files=1
asm	runtime	8	files=1
asm	runtime	13	files=1
asm	runtime	11	files=1
asm	runtime	7	files=1
asm	runtime	7	files=1
asm	runtime	6	files=1
asm	internal/reflectlite	5	files=1
compile	weak	16	files=2
compile	iter	16	files=1
compile	maps	15	files=2
compile	internal/reflectlite	41	files=3
compile	sync	54	files=11
compile	slices	21	files=5
asm	internal/reflectlite	7	files=1
compile	internal/singleflight	14	files=1
compile	internal/testlog	15	files=2
compile	crypto/internal/fips140cache	13	files=1
compile	internal/bisect	23	files=1
compile	errors	17	files=3
compile	unique	35	files=4
compile	sort	38	files=5
compile	internal/oserror	13	files=1
compile	crypto/internal/entropy/v1.0.0	20	files=2
compile	path	19	files=2
compile	internal/godebug	37	files=1
compile	io	29	files=3
compile	strconv	31	files=5
compile	math/rand/v2	30	files=6
asm	syscall	11	files=2
compile	internal/saferio	16	files=1
compile	crypto/internal/fips140deps/godebug	20	files=1
compile	hash	22	files=1
compile	crypto/internal/randutil	21	files=1
compile	math/rand	36	files=5
asm	reflect	16	files=1
compile	vendor/golang.org/x/net/dns/dnsmessage	79	files=2
asm	hash/crc32	19	files=1
compile	strings	54	files=8
compile	encoding/base64	43	files=1
compile	crypto	31	files=1
compile	bytes	60	files=4
compile	hash/crc32	22	files=4
compile	crypto/internal/impl	19	files=1
compile	net/http/internal/ascii	18	files=1
compile	crypto/internal/fips140	24	files=6
compile	vendor/golang.org/x/text/transform	27	files=1
asm	hash/crc32	19	files=1
compile	encoding/pem	44	files=1
asm	crypto/internal/fips140/sha3	11	files=1
asm	crypto/internal/fips140/sha256	11	files=1
asm	crypto/internal/fips140/sha512	12	files=1
compile	bufio	57	files=2
compile	net/netip	139	files=2
compile	syscall	164	files=30
compile	crypto/internal/fips140/sha256	26	files=4
compile	crypto/internal/fips140/sha3	36	files=6
compile	crypto/internal/fips140/sha512	30	files=4
asm	crypto/internal/fips140/sha256	12	files=1
asm	crypto/internal/fips140/sha3	14	files=1
asm	syscall	15	files=1
asm	crypto/internal/fips140/sha512	17	files=1
asm	syscall	12	files=1
compile	crypto/sha3	43	files=1
compile	crypto/internal/fips140/hmac	45	files=2
asm	internal/syscall/unix	14	files=1
compile	internal/syscall/execenv	27	files=1
compile	crypto/internal/fips140hash	18	files=1
compile	crypto/internal/fips140/check	31	files=1
asm	crypto/internal/fips140/bigmod	11	files=1
compile	internal/syscall/unix	40	files=19
compile	crypto/internal/fips140/tls12	23	files=2
compile	crypto/fips140	28	files=2
compile	crypto/internal/fips140/edwards25519/field	37	files=3
compile	internal/routebsd	107	files=9
asm	crypto/internal/fips140/aes	14	files=2
asm	internal/syscall/unix	13	files=1
compile	crypto/internal/fips140/hkdf	48	files=2
compile	crypto/tls/internal/fips140tls	21	files=1
compile	crypto/internal/fips140/tls13	46	files=2
compile	crypto/internal/fips140/bigmod	86	files=2
compile	reflect	413	files=11
compile	crypto/internal/fips140/aes	72	files=9
asm	crypto/internal/fips140/bigmod	11	files=1
asm	reflect	12	files=1
asm	crypto/internal/fips140/aes	12	files=1
compile	crypto/internal/fips140/edwards25519	99	files=6
asm	crypto/internal/fips140/aes	10	files=1
compile	internal/fmtsort	42	files=1
compile	time	300	files=10
asm	crypto/x509/internal/macos	7	files=2
compile	encoding/binary	79	files=3
compile	net/http/internal/httpsfv	27	files=1
compile	context	32	files=1
compile	crypto/x509/internal/macos	26	files=2
compile	io/fs	47	files=9
compile	vendor/golang.org/x/crypto/internal/poly1305	28	files=3
compile	internal/poll	56	files=20
compile	crypto/internal/fips140/nistec/fiat	310	files=13
asm	crypto/x509/internal/macos	7	files=1
asm	crypto/x509/internal/macos	6	files=1
compile	internal/filepathlite	21	files=3
asm	crypto/internal/fips140/nistec	7	files=1
compile	os	120	files=44
compile	crypto/internal/fips140/nistec	152	files=8
asm	os/signal	7	files=1
asm	crypto/internal/fips140/nistec	10	files=1
compile	crypto/internal/sysrand	19	files=2
compile	path/filepath	37	files=5
compile	os/signal	28	files=3
asm	os/signal	10	files=1
compile	crypto/internal/fips140/drbg	29	files=4
compile	fmt	91	files=5
asm	crypto/internal/fips140/aes/gcm	12	files=1
compile	crypto/internal/fips140/ecdh	28	files=2
compile	crypto/internal/fips140only	26	files=2
compile	crypto/internal/fips140/aes/gcm	43	files=8
compile	crypto/internal/fips140/ecdsa	62	files=4
asm	math/big	17	files=1
compile	log	50	files=1
compile	crypto/hkdf	25	files=1
compile	encoding/hex	51	files=1
asm	crypto/internal/fips140/aes/gcm	15	files=1
asm	crypto/md5	10	files=1
compile	mime/quotedprintable	48	files=2
compile	crypto/rc4	34	files=1
compile	net/http/internal	43	files=3
compile	crypto/internal/fips140/ed25519	146	files=2
compile	crypto/md5	38	files=3
compile	crypto/cipher	56	files=7
compile	crypto/internal/fips140/mlkem	197	files=4
compile	vendor/golang.org/x/net/http2/hpack	52	files=5
compile	crypto/internal/fips140/rsa	190	files=6
asm	crypto/md5	21	files=1
compile	crypto/internal/fips140/mldsa	229	files=4
compile	net/url	187	files=2
asm	vendor/golang.org/x/crypto/chacha20	13	files=1
compile	crypto/mlkem	22	files=1
compile	compress/flate	186	files=15
compile	crypto/internal/boring	23	files=2
compile	crypto/des	36	files=3
compile	mime	228	files=5
compile	vendor/golang.org/x/text/unicode/bidi	160	files=6
compile	crypto/mldsa	32	files=2
asm	crypto/sha1	12	files=1
compile	crypto/sha256	21	files=1
compile	vendor/golang.org/x/crypto/chacha20	42	files=3
compile	crypto/aes	31	files=1
compile	crypto/internal/rand	27	files=3
compile	crypto/hmac	25	files=1
compile	crypto/sha512	28	files=1
compile	vendor/golang.org/x/text/secure/bidirule	23	files=1
compile	compress/gzip	35	files=2
compile	crypto/sha1	69	files=3
asm	vendor/golang.org/x/crypto/chacha20	38	files=1
asm	crypto/sha1	19	files=1
compile	vendor/golang.org/x/crypto/chacha20poly1305	36	files=5
compile	crypto/ecdh	107	files=3
compile	vendor/golang.org/x/text/unicode/norm	474	files=9
compile	crypto/hpke	55	files=6
compile	math/big	455	files=22
compile	net	642	files=65
asm	math/big	15	files=1
compile	crypto/internal/boring/bbig	23	files=1
compile	vendor/golang.org/x/net/idna	96	files=5
compile	crypto/dsa	27	files=1
compile	crypto/rand	27	files=3
compile	crypto/elliptic	49	files=3
compile	net/textproto	52	files=5
compile	vendor/golang.org/x/net/http/httpproxy	28	files=1
compile	vendor/golang.org/x/net/http/httpguts	29	files=2
compile	encoding/asn1	96	files=3
compile	crypto/rsa	57	files=4
compile	crypto/ed25519	67	files=1
compile	mime/multipart	55	files=4
compile	crypto/x509/pkix	26	files=1
compile	vendor/golang.org/x/crypto/cryptobyte	46	files=3
compile	crypto/ecdsa	122	files=3
compile	crypto/x509	454	files=13
compile	crypto/tls	260	files=21
compile	net/http/httptrace	22	files=1
compile	net/http/internal/httpcommon	64	files=1
compile	net/http/internal/http2	161	files=18
compile	net/http	238	files=29
compile	github.com/kakkoyun/hooking-into-the-go-toolchain/hello	20	files=1
link	-	17	-V=full
link	github.com/kakkoyun/hooking-into-the-go-toolchain/hello	157	files=0
