compile	-	8	-V=full
asm	-	10	-V=full
compile	internal/coverage/rtcov	23	files=1
compile	internal/unsafeheader	25	files=1
compile	internal/goarch	27	files=3
compile	internal/runtime/pprof/label	23	files=1
compile	internal/goos	31	files=3
asm	internal/cpu	16	files=2
compile	internal/godebugs	35	files=1
asm	sync/atomic	23	files=1
compile	internal/profilerecord	35	files=1
compile	internal/asan	30	files=2
compile	internal/byteorder	40	files=1
compile	internal/goexperiment	31	files=21
compile	internal/msan	38	files=2
compile	math/bits	50	files=3
asm	internal/abi	15	files=2
compile	internal/runtime/math	27	files=1
compile	cmp	25	files=1
compile	internal/trace/tracev2	38	files=3
compile	internal/runtime/gc	27	files=3
compile	internal/cpu	27	files=6
asm	math	19	files=3
asm	internal/cpu	21	files=1
compile	sync/atomic	71	files=4
compile	unicode/utf8	88	files=1
asm	internal/cpu	13	files=1
asm	sync/atomic	11	files=1
compile	unicode	186	files=5
compile	internal/strconv	100	files=11
asm	internal/runtime/sys	18	files=2
asm	internal/bytealg	23	files=5
asm	internal/runtime/atomic	22	files=1
asm	internal/chacha8rand	17	files=1
compile	internal/runtime/sys	25	files=7
compile	internal/bytealg	23	files=9
compile	internal/runtime/atomic	31	files=8
compile	internal/chacha8rand	27	files=2
asm	internal/runtime/sys	18	files=1
asm	internal/bytealg	16	files=1
asm	internal/runtime/atomic	15	files=1
asm	internal/runtime/sys	12	files=1
asm	internal/chacha8rand	21	files=1
asm	internal/bytealg	13	files=1
compile	internal/abi	261	files=14
compile	math	195	files=52
asm	internal/bytealg	20	files=1
compile	internal/runtime/exithook	26	files=1
compile	internal/runtime/gc/scan	28	files=5
asm	internal/abi	12	files=1
asm	math	11	files=1
asm	internal/abi	12	files=1
asm	internal/bytealg	13	files=1
asm	math	11	files=1
asm	internal/bytealg	10	files=1
asm	math	9	files=1
compile	internal/race	19	files=2
compile	internal/synctest	19	files=1
compile	internal/stringslite	18	files=1
asm	internal/runtime/maps	7	files=1
compile	internal/sync	25	files=3
compile	internal/runtime/maps	68	files=13
asm	internal/runtime/maps	9	files=1
asm	runtime	12	files=11
compile	runtime	860	files=182
asm	runtime	6	files=1
asm	runtime	11	files=1
asm	runtime	7	files=1
asm	runtime	6	files=1
asm	runtime	6	files=1
asm	runtime	6	files=1
asm	runtime	22	files=1
asm	runtime	6	files=1
asm	runtime	7	files=1
asm	runtime	8	files=1
asm	runtime	7	files=1
asm	internal/reflectlite	6	files=1
compile	iter	14	files=1
compile	sync	92	files=11
compile	internal/reflectlite	84	files=3
compile	slices	51	files=5
asm	internal/reflectlite	12	files=1
compile	internal/testlog	25	files=2
compile	errors	33	files=3
compile	internal/oserror	17	files=1
compile	path	30	files=2
compile	strconv	43	files=5
asm	syscall	13	files=2
asm	reflect	14	files=1
compile	io	78	files=3
compile	bytes	124	files=4
compile	syscall	230	files=30
asm	syscall	7	files=1
asm	syscall	8	files=1
asm	internal/syscall/unix	6	files=1
compile	internal/syscall/execenv	15	files=1
compile	internal/syscall/unix	25	files=19
asm	internal/syscall/unix	13	files=1
compile	time	121	files=10
compile	reflect	379	files=11
asm	reflect	7	files=1
compile	io/fs	32	files=9
compile	internal/poll	47	files=20
compile	internal/fmtsort	37	files=1
compile	internal/filepathlite	22	files=3
compile	os	123	files=44
compile	fmt	80	files=5
compile	github.com/kakkoyun/hooking-into-the-go-toolchain/greet	16	files=1
compile	github.com/kakkoyun/hooking-into-the-go-toolchain/app	16	files=1
link	-	5	-V=full
link	github.com/kakkoyun/hooking-into-the-go-toolchain/app	59	files=0
