compile	-	14	-V=full
asm	-	10	-V=full
compile	internal/byteorder	28	files=1
compile	internal/unsafeheader	29	files=1
compile	internal/godebugs	39	files=1
compile	internal/asan	31	files=2
compile	internal/coverage/rtcov	49	files=1
asm	internal/cpu	18	files=2
compile	internal/goexperiment	46	files=21
asm	sync/atomic	28	files=1
compile	internal/runtime/pprof/label	59	files=1
compile	internal/trace/tracev2	72	files=3
compile	cmp	48	files=1
compile	math/bits	80	files=3
compile	internal/cpu	49	files=6
compile	internal/goarch	92	files=3
compile	sync/atomic	47	files=4
compile	internal/msan	93	files=2
compile	internal/goos	115	files=3
compile	internal/profilerecord	118	files=1
asm	internal/cpu	15	files=1
compile	unicode	129	files=5
asm	math	26	files=3
compile	unicode/utf8	117	files=1
asm	sync/atomic	31	files=1
compile	internal/runtime/gc	31	files=3
asm	internal/abi	31	files=2
compile	internal/runtime/math	40	files=1
asm	internal/cpu	29	files=1
compile	internal/strconv	70	files=14
asm	internal/bytealg	15	files=5
asm	internal/chacha8rand	27	files=1
asm	internal/runtime/sys	30	files=2
compile	math	76	files=52
asm	internal/runtime/atomic	34	files=1
compile	internal/abi	69	files=14
asm	math	14	files=1
compile	internal/bytealg	22	files=9
asm	internal/abi	15	files=1
compile	internal/runtime/atomic	31	files=7
compile	internal/chacha8rand	41	files=2
compile	internal/runtime/sys	45	files=7
asm	math	14	files=1
asm	internal/bytealg	41	files=1
asm	internal/abi	40	files=1
asm	internal/chacha8rand	42	files=1
asm	internal/runtime/atomic	51	files=1
asm	math	25	files=1
asm	internal/runtime/sys	34	files=1
asm	internal/bytealg	31	files=1
compile	internal/race	25	files=2
compile	internal/synctest	25	files=1
asm	internal/runtime/sys	16	files=1
compile	internal/runtime/exithook	37	files=1
asm	internal/bytealg	17	files=1
compile	internal/sync	27	files=3
asm	internal/bytealg	17	files=1
compile	internal/runtime/gc/scan	27	files=5
asm	internal/bytealg	14	files=1
compile	internal/stringslite	25	files=1
compile	internal/runtime/maps	96	files=8
asm	runtime	32	files=11
compile	runtime	1203	files=181
asm	runtime	11	files=1
asm	runtime	15	files=1
asm	runtime	11	files=1
asm	runtime	11	files=1
asm	runtime	16	files=1
asm	runtime	12	files=1
asm	runtime	12	files=1
asm	runtime	11	files=1
asm	runtime	13	files=1
asm	runtime	13	files=1
asm	runtime	19	files=1
asm	internal/reflectlite	12	files=1
compile	iter	21	files=1
compile	slices	23	files=5
compile	sync	55	files=11
compile	internal/reflectlite	49	files=3
asm	internal/reflectlite	15	files=1
compile	internal/bisect	31	files=1
compile	internal/testlog	31	files=2
compile	errors	24	files=3
compile	internal/godebug	52	files=1
compile	internal/oserror	33	files=1
compile	path	35	files=2
compile	io	41	files=3
compile	strconv	58	files=5
asm	syscall	14	files=2
asm	reflect	15	files=1
compile	bytes	51	files=4
compile	syscall	111	files=30
asm	syscall	11	files=1
asm	syscall	12	files=1
compile	internal/syscall/execenv	20	files=1
asm	internal/syscall/unix	16	files=1
compile	internal/syscall/unix	33	files=19
compile	reflect	224	files=11
asm	internal/syscall/unix	37	files=1
compile	time	120	files=10
asm	reflect	12	files=1
compile	io/fs	39	files=9
compile	internal/fmtsort	42	files=1
compile	internal/poll	55	files=20
compile	internal/filepathlite	28	files=3
compile	os	168	files=44
compile	fmt	85	files=5
compile	github.com/kakkoyun/hooking-into-the-go-toolchain/greet	23	files=1
compile	github.com/kakkoyun/hooking-into-the-go-toolchain/app	26	files=1
link	-	169	-V=full
link	github.com/kakkoyun/hooking-into-the-go-toolchain/app	139	files=0
